id;title;content;date
1;mathematics;../fake-data/blob/hipster.txt;2025-09-22T07:17:27
2;lovable bare aw;../fake-data/blob/hipster.txt;2025-09-22T09:23:29
3;queasy softly;../fake-data/blob/hipster.txt;2025-09-22T03:44:05
4;someplace diligently;../fake-data/blob/hipster.txt;2025-09-21T15:57:54
5;blah boohoo;../fake-data/blob/hipster.txt;2025-09-22T08:51:48
6;shanghai;../fake-data/blob/hipster.txt;2025-09-21T20:01:04
7;where worth toothbrush;../fake-data/blob/hipster.txt;2025-09-22T06:27:02
8;supposing;../fake-data/blob/hipster.txt;2025-09-21T21:51:28
9;mid popularity whoa;../fake-data/blob/hipster.txt;2025-09-21T18:03:05
10;disapprove black boo;../fake-data/blob/hipster.txt;2025-09-22T09:21:00
